{"startPage":"SfMP171_ConnectLandpage","startTheme":"SfMP14_BuRThemeFlat1","pages":{"SfMP171_ConnectLandpage":{"layout":"SfMP115_layoutLandscape","assignments":[{"areaId":"SfMP115_areaMainPageLand","contentId":"SfMP171_ContentConnect","type":"Content"},{"areaId":"SfMP115_areaHeaderLand","contentId":"SfMP171_ContentHeaderLand","type":"Content"},{"areaId":"SfMP115_areaNavLand","contentId":"SfMP171_ContentNavLand","type":"Content"}]},"SfMP171_TransferLandpage":{"layout":"SfMP115_layoutLandscape","assignments":[{"areaId":"SfMP115_areaMainPageLand","contentId":"SfMP171_ContentTransfer","type":"Content"},{"areaId":"SfMP115_areaHeaderLand","contentId":"SfMP171_ContentHeaderLand","type":"Content"},{"areaId":"SfMP115_areaNavLand","contentId":"SfMP171_ContentNavLand","type":"Content"}]},"SfMP171_ModuleXCHGLandpage":{"layout":"SfMP115_layoutLandscape","assignments":[{"areaId":"SfMP115_areaMainPageLand","contentId":"SfMP171_ContentModuleXCHG","type":"Content"},{"areaId":"SfMP115_areaHeaderLand","contentId":"SfMP171_ContentHeaderLand","type":"Content"},{"areaId":"SfMP115_areaNavLand","contentId":"SfMP171_ContentNavLand","type":"Content"}]},"SfMP171_SetupModeLandpage":{"layout":"SfMP115_layoutLandscape","assignments":[{"areaId":"SfMP115_areaMainPageLand","contentId":"SfMP171_ContentSetupMode","type":"Content"},{"areaId":"SfMP115_areaHeaderLand","contentId":"SfMP171_ContentHeaderLand","type":"Content"},{"areaId":"SfMP115_areaNavLand","contentId":"SfMP171_ContentNavLand","type":"Content"}]},"SfMP171_ConnectPortpage":{"layout":"SfMP115_layoutPortrait","assignments":[{"areaId":"SfMP115_areaMainPagePort","contentId":"SfMP171_ContentConnect","type":"Content"},{"areaId":"SfMP115_areaHeaderPort","contentId":"SfMP171_ContentHeaderPort","type":"Content"},{"areaId":"SfMP115_areaNavPort","contentId":"SfMP171_ContentNavPort","type":"Content"}]},"SfMP171_TransferPortpage":{"layout":"SfMP115_layoutPortrait","assignments":[{"areaId":"SfMP115_areaMainPagePort","contentId":"SfMP171_ContentTransfer","type":"Content"},{"areaId":"SfMP115_areaHeaderPort","contentId":"SfMP171_ContentHeaderPort","type":"Content"},{"areaId":"SfMP115_areaNavPort","contentId":"SfMP171_ContentNavPort","type":"Content"}]},"SfMP171_ModuleXCHGPortpage":{"layout":"SfMP115_layoutPortrait","assignments":[{"areaId":"SfMP115_areaMainPagePort","contentId":"SfMP171_ContentModuleXCHG","type":"Content"},{"areaId":"SfMP115_areaHeaderPort","contentId":"SfMP171_ContentHeaderPort","type":"Content"},{"areaId":"SfMP115_areaNavPort","contentId":"SfMP171_ContentNavPort","type":"Content"}]},"SfMP171_SetupModePortpage":{"layout":"SfMP115_layoutPortrait","assignments":[{"areaId":"SfMP115_areaMainPagePort","contentId":"SfMP171_ContentSetupMode","type":"Content"},{"areaId":"SfMP115_areaHeaderPort","contentId":"SfMP171_ContentHeaderPort","type":"Content"},{"areaId":"SfMP115_areaNavPort","contentId":"SfMP171_ContentNavPort","type":"Content"}]}},"dialogs":{"SfMP193_dialogConnectDetailsdialog":{"layout":"SfMP115_layoutDialog","displayName":"$BR/IAT/mappSafety/SfMP137_txtHeaderDialogDetails","assignments":[{"areaId":"SfMP115_areaDialog","contentId":"SfMP171_contentDetails","type":"Content"}]},"SfMP193_dialogTransferBrowsedialog":{"layout":"SfMP115_layoutDialogWide","displayName":"test","assignments":[{"areaId":"SfMP115_areaDialogWide","contentId":"SfMP171_contentTransferBrowse","type":"Content"}]},"SfMP193_dialogTransferMsgdialog":{"layout":"SfMP115_layoutDialogMsg","displayName":"$BR/IAT/mappSafety/SfMP137_TransferDialogHeader","image":"Media/SafedomainMP11_SVG/SafedomainMP11_Wait.svg","assignments":[{"areaId":"SfMP115_areaDialogMsg","contentId":"SfMP171_contentTransferMsg","type":"Content"}]},"SfMP193_dialogLogindialog":{"layout":"SfMP115_layoutDialogMsg","displayName":"Login","image":"Media/SfMP11_SVG/SfMP11_User.svg","assignments":[{"areaId":"SfMP115_areaDialogMsg","contentId":"SfMP171_contentLogin","type":"Content"}]},"SfMP193_dialogAckSNdialog":{"layout":"SfMP115_layoutDialog","displayName":"$BR/IAT/mappSafety/SfMP137_headerSNAckn","assignments":[{"areaId":"SfMP115_areaDialog","contentId":"SfMP171_contentAckSN","type":"Content"}]},"SfMP193_dialogAckSafeAppdialog":{"layout":"SfMP115_layoutDialog","displayName":"$BR/IAT/mappSafety/SfMP137_headerApplAckn","assignments":[{"areaId":"SfMP115_areaDialog","contentId":"SfMP171_contentAckSafeApp","type":"Content"}]},"SfMP193_dialogBusyMsgdialog":{"layout":"SfMP115_layoutDialogMsg","displayName":"$BR/IAT/mappSafety/SfMP137_BusyDialogHeader","image":"Media/SafedomainMP11_SVG/SafedomainMP11_Wait.svg","assignments":[{"areaId":"SfMP115_areaDialogMsg","contentId":"SfMP171_contentBusyMsg","type":"Content"}]},"SfMP193_dialogBusyConnect":{"layout":"SfMP115_layoutDialogBusySmall","displayName":"$BR/IAT/mappSafety/SfMP137_BusyConnectDialogHeader","assignments":[{"areaId":"SfMP115_areaDialogBusy","contentId":"SfMP171_contentBusyConnect","type":"Content"}]},"SfMP193_dialogBusyDisconnect":{"layout":"SfMP115_layoutDialogBusySmall","displayName":"$BR/IAT/mappSafety/SfMP137_BusyDisconnectDialogHeader","assignments":[{"areaId":"SfMP115_areaDialogBusy","contentId":"SfMP171_contentBusyDisconnect","type":"Content"}]},"SfMP193_dialogBusyBrowseFiles":{"layout":"SfMP115_layoutDialogBusySmall","displayName":"$BR/IAT/mappSafety/SfMP137_BusyBrowseFilesDialogHeader","assignments":[{"areaId":"SfMP115_areaDialogBusy","contentId":"SfMP171_contentBusyBrowseFiles","type":"Content"}]},"SfMP193_dialogBusyInfo":{"layout":"SfMP115_layoutDialogBusySmall","displayName":"$BR/IAT/mappSafety/SfMP137_BusyInfoDialogHeader","assignments":[{"areaId":"SfMP115_areaDialogBusy","contentId":"SfMP171_contentBusyInfo","type":"Content"}]},"SfMP193_dialogArSimInfo":{"layout":"SfMP115_layoutDialogArSimInfoSmall","displayName":"$BR/IAT/mappSafety/SfMP137_ArSimInfoDialogHeader","assignments":[{"areaId":"SfMP115_areaDialogArSimInfo","contentId":"SfMP171_contentArSimInfo","type":"Content"}]},"SfMP193_dialogErrorMsg":{"layout":"SfMP115_layoutDialogErrorMsg","displayName":"$BR/IAT/mappSafety/SfMP137_txtErrorMsgDialogHeader","image":"Media/SfMP11_SVG/SfMP11_error_sign.svg","assignments":[{"areaId":"SfMP115_areaDialogErrorMsg","contentId":"SfMP171_contentErrorMsg","type":"Content"}]},"SfMP193_dialogAckSafeOP":{"layout":"SfMP115_layoutDialog","displayName":"$BR/IAT/mappSafety/SfMP137_AckSafeOPHeader","assignments":[{"areaId":"SfMP115_areaDialog","contentId":"SfMP171_contentAckSafeOP","type":"Content"}]},"SfMP19_dialogAckOPPara":{"layout":"SfMP115_layoutDialogWide","displayName":"$BR/IAT/mappSafety/SfMP137_txtHeaderDialogAckOPPara","assignments":[{"areaId":"SfMP115_areaDialogWide","contentId":"SfMP171_contentAckOPPara","type":"Content"}]},"SfMP19_dialogEditOPPara":{"layout":"SfMP115_layoutDialogWide","displayName":"$BR/IAT/mappSafety/SfMP137_txtHeaderDialogEditOPPara","assignments":[{"areaId":"SfMP115_areaDialogWide","contentId":"SfMP171_contentEditOPPara","type":"Content"}]},"SfMP19_dialogProcess":{"layout":"SfMP115_layoutDialogMsg","assignments":[{"areaId":"SfMP115_areaDialogMsg","contentId":"SfMP17_contentProcess","type":"Content","backColor":"rgba(255, 255, 255, 0)"}]},"SfMP193_dialogSdApplUdidInfo":{"layout":"SfMP115_layoutDialogSdApplUdidInfoSmall","displayName":"$BR/IAT/mappSafety/SfMP137_SdApplUdidInfoDialogHeader","assignments":[{"areaId":"SfMP115_areaDialogSdApplUdidInfo","contentId":"SfMP171_contentSdApplUdidInfo","type":"Content"}]}},"layouts":{"SfMP115_layoutLandscape":{"areas":{"SfMP115_areaMainPageLand":{"height":480,"width":480,"top":0,"left":0},"SfMP115_areaHeaderLand":{"height":100,"width":800,"top":0,"left":0},"SfMP115_areaNavLand":{"height":380,"width":320,"top":100,"left":480}},"width":800,"height":480},"SfMP115_layoutPortrait":{"areas":{"SfMP115_areaMainPagePort":{"height":480,"width":480,"top":200,"left":0,"zIndex":3},"SfMP115_areaHeaderPort":{"height":200,"width":480,"top":0,"left":0,"zIndex":2},"SfMP115_areaNavPort":{"height":120,"width":480,"top":680,"left":0,"zIndex":0}},"width":480,"height":800},"SfMP115_layoutDialog":{"areas":{"SfMP115_areaDialog":{"height":350,"width":450,"top":0,"left":0}},"width":450,"height":350},"SfMP115_layoutDialogWide":{"areas":{"SfMP115_areaDialogWide":{"height":420,"width":420,"top":0,"left":0}},"width":420,"height":420},"SfMP115_layoutDialogMsg":{"areas":{"SfMP115_areaDialogMsg":{"height":200,"width":450,"top":0,"left":0}},"width":450,"height":200},"SfMP115_layoutDialogBusySmall":{"areas":{"SfMP115_areaDialogBusy":{"height":80,"width":300,"top":0,"left":0,"zIndex":0}},"width":300,"height":80},"SfMP115_layoutDialogArSimInfoSmall":{"areas":{"SfMP115_areaDialogArSimInfo":{"height":80,"width":300,"top":0,"left":0,"zIndex":0}},"width":300,"height":80},"SfMP115_layoutDialogErrorMsg":{"areas":{"SfMP115_areaDialogErrorMsg":{"height":300,"width":350,"top":0,"left":0}},"width":350,"height":300},"SfMP115_layoutDialogSdApplUdidInfoSmall":{"areas":{"SfMP115_areaDialogSdApplUdidInfo":{"height":84,"width":410,"top":0,"left":0,"zIndex":0}},"width":410,"height":84}},"contents":{"SfMP171_ContentConnect":{"path":"/contents/mappSafety/SfMP171_ContentConnect.html","height":480,"width":480,"configurations":{}},"SfMP171_ContentHeaderLand":{"path":"/contents/mappSafety/SfMP171_ContentHeaderLand.html","height":100,"width":800,"configurations":{}},"SfMP171_ContentNavLand":{"path":"/contents/mappSafety/SfMP171_ContentNavLand.html","height":380,"width":320,"configurations":{}},"SfMP171_ContentTransfer":{"path":"/contents/mappSafety/SfMP171_ContentTransfer.html","height":480,"width":480,"configurations":{}},"SfMP171_ContentModuleXCHG":{"path":"/contents/mappSafety/SfMP171_ContentModuleXCHG.html","height":480,"width":480,"configurations":{}},"SfMP171_ContentSetupMode":{"path":"/contents/mappSafety/SfMP171_ContentSetupMode.html","height":480,"width":480,"configurations":{}},"SfMP171_ContentHeaderPort":{"path":"/contents/mappSafety/SfMP171_ContentHeaderPort.html","height":200,"width":480,"configurations":{}},"SfMP171_ContentNavPort":{"path":"/contents/mappSafety/SfMP171_ContentNavPort.html","height":120,"width":480,"configurations":{}},"SfMP171_contentDetails":{"path":"/contents/mappSafety/SfMP171_contentDetails.html","height":350,"width":450,"configurations":{}},"SfMP171_contentTransferBrowse":{"path":"/contents/mappSafety/SfMP171_contentTransferBrowse.html","height":420,"width":420,"configurations":{}},"SfMP171_contentTransferMsg":{"path":"/contents/mappSafety/SfMP171_contentTransferMsg.html","height":200,"width":450,"configurations":{}},"SfMP171_contentLogin":{"path":"/contents/mappSafety/SfMP171_contentLogin.html","height":200,"width":450,"configurations":{}},"SfMP171_contentAckSN":{"path":"/contents/mappSafety/SfMP171_contentAckSN.html","height":350,"width":450,"configurations":{}},"SfMP171_contentAckSafeApp":{"path":"/contents/mappSafety/SfMP171_contentAckSafeApp.html","height":350,"width":450,"configurations":{}},"SfMP171_contentBusyMsg":{"path":"/contents/mappSafety/SfMP171_contentBusyMsg.html","height":200,"width":450,"configurations":{}},"SfMP171_contentBusyConnect":{"path":"/contents/mappSafety/SfMP171_contentBusyConnect.html","height":80,"width":300,"configurations":{}},"SfMP171_contentBusyDisconnect":{"path":"/contents/mappSafety/SfMP171_contentBusyDisconnect.html","height":80,"width":300,"configurations":{}},"SfMP171_contentBusyBrowseFiles":{"path":"/contents/mappSafety/SfMP171_contentBusyBrowseFiles.html","height":80,"width":300,"configurations":{}},"SfMP171_contentBusyInfo":{"path":"/contents/mappSafety/SfMP171_contentBusyInfo.html","height":80,"width":300,"configurations":{}},"SfMP171_contentArSimInfo":{"path":"/contents/mappSafety/SfMP171_contentArSimInfo.html","height":80,"width":300,"configurations":{}},"SfMP171_contentErrorMsg":{"path":"/contents/mappSafety/SfMP171_contentErrorMsg.html","height":300,"width":350,"configurations":{}},"SfMP171_contentAckSafeOP":{"path":"/contents/mappSafety/SfMP171_contentAckSafeOP.html","height":350,"width":450,"configurations":{}},"SfMP171_contentAckOPPara":{"path":"/contents/mappSafety/SfMP171_contentAckOPPara.html","height":420,"width":420,"configurations":{}},"SfMP171_contentEditOPPara":{"path":"/contents/mappSafety/SfMP171_contentEditOPPara.html","height":420,"width":420,"configurations":{}},"SfMP17_contentProcess":{"path":"/contents/mappSafety/SfMP17_contentProcess.html","height":200,"width":450,"configurations":{}},"SfMP171_contentSdApplUdidInfo":{"path":"/contents/mappSafety/SfMP171_contentSdApplUdidInfo.html","height":84,"width":410,"configurations":{}}},"themes":["SfMP14_BuRThemeFlat1"],"configurations":{"activityCount":false,"zoom":true,"bootLogo":"Media/1024mappSAFETY.png","bootColor":"Transparent","favicon":"Media/32mappSAFETY.png"}}