{"startPage":"HD_LS1_Main","startTheme":"BuR_Theme_ABB_Dark","pages":{"HD_LS1_Main":{"layout":"HD_LS1_Main","assignments":[{"areaId":"areaMain","contentId":"HD_LS1_contentMain","type":"Content"},{"areaId":"areaHeader","contentId":"HD_LS1_contentHeader","type":"Content","style":"header"},{"areaId":"areaNavigation","contentId":"HD_LS1_contentNavigation","type":"Content","style":"navigation"}]},"HD_LS1_Alarm":{"layout":"HD_LS1_Main","assignments":[{"areaId":"areaMain","contentId":"HD_LS1_contentAlarmMgt","type":"Content"},{"areaId":"areaHeader","contentId":"HD_LS1_contentHeader","type":"Content","style":"header"},{"areaId":"areaNavigation","contentId":"HD_LS1_contentNavigation","type":"Content","style":"navigation"}]},"HD_LS1_SDM":{"layout":"HD_LS1_Main","assignments":[{"areaId":"areaMain","contentId":"HD_LS1_contentSDM","type":"Content"},{"areaId":"areaHeader","contentId":"HD_LS1_contentHeader","type":"Content","style":"header"},{"areaId":"areaNavigation","contentId":"HD_LS1_contentNavigation","type":"Content","style":"navigation"}]},"HD_LS1_Production":{"layout":"HD_LS1_Main","assignments":[{"areaId":"areaMain","contentId":"HD_LS1_contentProductionMgt","type":"Content"},{"areaId":"areaHeader","contentId":"HD_LS1_contentHeader","type":"Content","style":"header"},{"areaId":"areaNavigation","contentId":"HD_LS1_contentNavigation","type":"Content","style":"navigation"}]},"HD_LS1_Service":{"layout":"HD_LS1_Main","assignments":[{"areaId":"areaMain","contentId":"HD_LS1_contentServiceMgt","type":"Content"},{"areaId":"areaHeader","contentId":"HD_LS1_contentHeader","type":"Content","style":"header"},{"areaId":"areaNavigation","contentId":"HD_LS1_contentNavigation","type":"Content","style":"navigation"}]}},"dialogs":{"LoginDialog":{"layout":"DialogLoginLayout","displayName":"$HeaderLoginDialog","assignments":[{"areaId":"AreaDialog","contentId":"ContentLogin","type":"Content"}]}},"layouts":{"HD_LS1_Main":{"areas":{"areaMain":{"height":708,"width":1258,"top":60,"left":110,"zIndex":0},"areaHeader":{"height":60,"width":1258,"top":0,"left":110,"zIndex":1},"areaNavigation":{"height":768,"width":110,"top":0,"left":0,"zIndex":2}},"width":1366,"height":768},"DialogLoginLayout":{"areas":{"AreaDialog":{"height":250,"width":450,"top":0,"left":0}},"width":450,"height":250}},"contents":{"HD_LS1_contentMain":{"path":"/contents/mappView/HD_LS1_contentMain.html","height":708,"width":1258,"configurations":{}},"HD_LS1_contentHeader":{"path":"/contents/mappView/HD_LS1_contentHeader.html","height":60,"width":1258,"configurations":{}},"HD_LS1_contentNavigation":{"path":"/contents/mappView/HD_LS1_contentNavigation.html","height":768,"width":110,"configurations":{}},"HD_LS1_contentAlarmMgt":{"path":"/contents/mappView/HD_LS1_contentAlarmMgt.html","height":708,"width":1258,"configurations":{}},"HD_LS1_contentSDM":{"path":"/contents/mappView/HD_LS1_contentSDM.html","height":708,"width":1258,"configurations":{}},"HD_LS1_contentProductionMgt":{"path":"/contents/mappView/HD_LS1_contentProductionMgt.html","height":708,"width":1258,"configurations":{}},"HD_LS1_contentServiceMgt":{"path":"/contents/mappView/HD_LS1_contentServiceMgt.html","height":708,"width":1258,"configurations":{}},"ContentLogin":{"path":"/contents/mappView/ContentLogin.html","height":250,"width":450,"configurations":{}},"HD_LS1_contentAlarmList":{"path":"/contents/mappView/HD_LS1_contentAlarmList.html","height":668,"width":1248,"configurations":{}},"HD_LS1_contentAlarmHistory":{"path":"/contents/mappView/HD_LS1_contentAlarmHistory.html","height":668,"width":1248,"configurations":{}},"HD_LS1_contentProduction1":{"path":"/contents/mappView/HD_LS1_contentProduction1.html","height":668,"width":1248,"configurations":{}},"HD_LS1_contentProduction2":{"path":"/contents/mappView/HD_LS1_contentProduction2.html","height":668,"width":1248,"configurations":{}},"HD_LS1_contentProduction3":{"path":"/contents/mappView/HD_LS1_contentProduction3.html","height":668,"width":1248,"configurations":{}},"HD_LS1_contentService1":{"path":"/contents/mappView/HD_LS1_contentService1.html","height":668,"width":1248,"configurations":{}},"HD_LS1_contentService2":{"path":"/contents/mappView/HD_LS1_contentService2.html","height":668,"width":1248,"configurations":{}},"HD_LS1_contentService3":{"path":"/contents/mappView/HD_LS1_contentService3.html","height":668,"width":1248,"configurations":{}}},"themes":["BuR_Theme_ABB_Dark","BuR_Theme_ABB_Light"],"configurations":{"activityCount":false,"zoom":true}}