<?xml version="1.0" encoding="utf-8"?>
<FILESYSTEMCONFIGURATION TOCVERSION="2" MINORVERSION="0">

<FILECLASSIFICATION>
  <CLASS ID="Os" PART="SYSTEM" DIR="" GROUPSALLOWED="no"> 
    <ADDITIONALDIR>BRM</ADDITIONALDIR> 
    <ADDITIONALDIR>SYSTEM</ADDITIONALDIR> 
    <ADDITIONALDIR>SIM</ADDITIONALDIR> 
  </CLASS>
  <CLASS ID="Addons" PART="SYSTEM" DIR="ADDONS/BIN" GROUPSALLOWED="yes"/>
  <CLASS ID="AddonsData" PART="SYSTEM" DIR="ADDONS/DATA" GROUPSALLOWED="yes"/>
  <CLASS ID="Data0" PART="DATA0" DIR="RPSHD" GROUPSALLOWED="no"/>
  <CLASS ID="Data1" PART="DATA1" DIR="RPSHDS" GROUPSALLOWED="no"/>
  <CLASS ID="User" PART="USER" DIR="USER" GROUPSALLOWED="no"/>
</FILECLASSIFICATION>
<KNOWNFILEGROUPS>
  <GROUP ID="PKI" CLASS="AddonsData"/>
  <GROUP ID="DEVICE" CLASS="AddonsData"/>
</KNOWNFILEGROUPS>
<PARTITIONINGRULES DOPARTITION="false">
  <RULE FILESYSTEM="Safe" USERPARTITION="false">
    <PARTITIONS>1</PARTITIONS>
  </RULE>
  <RULE FILESYSTEM="Safe" USERPARTITION="true">
    <PARTITIONS>1</PARTITIONS>
  </RULE>
</PARTITIONINGRULES>
<VOLUMECALCULATIONRULES>
  <DEFINITIONS>
  	<DEFINITION VARIABLENAME="SIZE_OF_AR">
      <CONSTANT>67108864</CONSTANT>
    </DEFINITION>
    <DEFINITION VARIABLENAME="PROJECT_RESERVE">
      <CONSTANT>5242880</CONSTANT>
    </DEFINITION>
    <DEFINITION VARIABLENAME="PROJECT_SIZE_MARGIN">
      <VARIABLE>ACTUAL_SIZE_OF_PROJECT</VARIABLE>
      <VARIABLE>PROJECT_RESERVE</VARIABLE>
      <OPERATOR>+</OPERATOR>
    </DEFINITION>
     <DEFINITION VARIABLENAME="SIZE_OF_TRSFM">
      <VARIABLE>SIZE_OF_AR</VARIABLE>
      <VARIABLE>SIZE_OF_ADDONS</VARIABLE>
      <VARIABLE>SIZE_OF_ADDONSDATA</VARIABLE>
	  <VARIABLE>SIZE_OF_USER</VARIABLE>
	  <VARIABLE>PROJECT_SIZE_MARGIN</VARIABLE>
	  <OPERATOR>+</OPERATOR>
	  <OPERATOR>+</OPERATOR>
	  <OPERATOR>+</OPERATOR>
	  <OPERATOR>+</OPERATOR>
    </DEFINITION>
    <DEFINITION VARIABLENAME="SIZE_OF_SYSTEM">
      <VARIABLE>SIZE_OF_AR</VARIABLE>
      <VARIABLE>SIZE_OF_ADDONS</VARIABLE>
      <VARIABLE>SIZE_OF_ADDONSDATA</VARIABLE>
      <OPERATOR>+</OPERATOR>
      <OPERATOR>+</OPERATOR>
    </DEFINITION>
    <DEFINITION VARIABLENAME="SIZE_OF_SIMULATION">
      <VARIABLE>SIZE_OF_USER</VARIABLE>
      <VARIABLE>SIZE_OF_SYSTEM</VARIABLE>
      <VARIABLE>SIZE_OF_TRSFM</VARIABLE>
      <VARIABLE>PROJECT_SIZE_MARGIN</VARIABLE>
      <CONSTANT>2</CONSTANT>
      <OPERATOR>*</OPERATOR>
      <OPERATOR>+</OPERATOR>
      <OPERATOR>+</OPERATOR>
	  <OPERATOR>+</OPERATOR>
    </DEFINITION>
  </DEFINITIONS>
  <CONFIGURATIONS>
    <CONFIGURATION PARTITIONS="1">
      <PARTITIONSIZE ID="0">
        <REQUIREDSIZEONSTORAGE>
          <VARIABLE>SIZE_OF_SIMULATION</VARIABLE>
        </REQUIREDSIZEONSTORAGE>
        <CALCULATEDSIZEFORSTORAGE>
          <VARIABLE>SIZE_OF_VOLUME</VARIABLE>
        </CALCULATEDSIZEFORSTORAGE>
      </PARTITIONSIZE>
    </CONFIGURATION>
  </CONFIGURATIONS>
</VOLUMECALCULATIONRULES>
</FILESYSTEMCONFIGURATION>

