<?xml version="1.0" encoding="utf-8"?>
<ProjectInformation RucPackageVersion="2">
	<ConfigurationID>mappView_Config1</ConfigurationID>
	<ConfigVersion>1.0.0</ConfigVersion>
	<CPUType>AR000</CPUType>
	<CompatibleCpuCode></CompatibleCpuCode>
	<OrderNumber>X20CP1684</OrderNumber>
	<RuntimeType>AR Simulation</RuntimeType>
	<ARVersion>6.0.2</ARVersion>
	<BRModuleSystem>SAFE</BRModuleSystem>
	<UserPartitionSize>10485760</UserPartitionSize>
	<LoggerModulesSize>2457600</LoggerModulesSize>
	<AdditionalZipFileNamePrefix>AR000</AdditionalZipFileNamePrefix>
</ProjectInformation>
